<?xml version="1.0" encoding="UTF-8"?>
<metadata xml:lang="en"><Esri><CreaDate>20250716</CreaDate><CreaTime>02142600</CreaTime><ArcGISFormat>1.0</ArcGISFormat><SyncOnce>TRUE</SyncOnce><DataProperties><itemProps><itemLocation><linkage Sync="TRUE">file://\\DESKTOP-EK9LR6U\E$\Freelancing\polygon</linkage><protocol Sync="TRUE">Local Area Network</protocol></itemLocation></itemProps><copyHistory><copy source="C:\Users\Reza\polygon" dest="\\DESKTOP-EK9LR6U\E$\Freelancing\polygon" date="20250716" time="02142600"></copy></copyHistory></DataProperties></Esri></metadata>
